pharmacie_id,num_amm,quantite,nom_specialite,priorite
PH01,9163572,3.5,DILACOR,0.314854
PH01,6653602H,4.2,KARBOTEEN,0.264545
PH01,9343143,5.4,SOLARID 100,0.385274
PH02,9223712,3.7,ABILIPRA,0.258011
PH02,9164281,4.9,ERLUS,0.126086
PH02,9373112H,4.8,RIBERYN,0.272257
PH02,10633011,3.2,CYCLOGEST,0.251379
PH02,9233491,4.1,ENOXA 2000 UI ANTI-XA/0.2ML,0.616188
PH02,9193112,2.4,CHLORURE DE SODIUM 09%,0.381041
PH02,9163513,3.2,CINCOR 10,0.386946
PH02,9163285,3.5,ADOL,0.164856
PH03,6993272H,3.0,KADCYLA,0.346355
PH03,9000163H,5.9,GRISEOFULVINE,0.306201
PH03,6653531H,5.0,VANCOMYCINE HIKMA 500,0.303734
PH03,9223562,4.2,GLIPTAVIL,0.264476
PH03,9293161,2.7,ECOZYL,0.132917
PH03,1763031,3.7,POLYGYNAX,0.260697
PH03,9233431,3.3,LEVOFLOX,0.324296
PH04,9353181,5.2,CLOVEN,0.474557
PH04,9023272,2.8,AMUSTIL,0.301750
PH04,6993251H,1.5,ZELBORAF,0.293049
PH04,9093642H,3.8,ONDANSETRON UNIMED,0.251632
PH04,9373043,3.1,VITAPRED 5,0.378955
PH04,9053231,5.4,XYLOGEL,0.242987
PH05,1383011H,2.3,LYMPHOGLOBULINE,0.262463
PH05,15273078,3.8,UPTRAVI,0.293049
PH05,6653761H,3.6,SOTIRA,0.274898
PH05,9233471,3.9,PIDOGREL,0.474557
PH05,9163332,5.1,LOWRAC,0.371563
PH05,7473091,3.6,FOLICUM,0.160126
PH05,9003085,1.5,NIFLUMIC,0.175437
PH05,25903013,3.1,XANAX RETARD,0.231949
PH06,9043751,5.4,SOUFRANE,0.274440
PH06,9053165,4.1,BETASEPTINE,0.372995
PH06,2743011,4.4,ARTELAC,0.278724
PH06,9233822,5.6,LEVORGICA,0.137286
PH07,10673022,3.0,STREPSILS COOL,0.260697
PH07,16923151,3.7,FINASTERIDE ACCORD,0.317651
PH07,9003016,3.5,ANALGAN CODEINE,0.201673
PH07,9393211H,5.0,LENALIDOMIDE NEAPOLIS,0.274898
PH07,92630110,3.2,ASPEGIC,0.296236
PH07,9043972,5.2,NOVAMOX,0.324111
PH08,9234114,1.7,APIXADIS,0.466643
PH08,9403053,5.8,TELMYCOR PLUS,0.243267
PH09,9093312,5.6,OFLOMED,0.303406
PH09,9353295,4.5,SACUVAL 200,0.335944
PH09,9093741,3.6,NEFOMED,0.278560
PH09,9253302,5.0,TRAMAL,0.270466
PH09,15463033,4.3,RANEXA,0.260697
PH09,9343471,5.2,APIXAN,0.466643
PH09,9363092,3.3,QUINOLOX,0.314951
PH09,9163512,3.2,CINCOR 2.5,0.386946
PH09,9353111,4.9,KALIVI10,0.136458
PH10,9023791,5.6,AFUSIDIC PLUS,0.280792
PH10,9233101,5.8,GENTA 40,0.357554
PH10,9423052,3.4,SPASMOPRO,0.129404
PH10,24893022EP,4.2,COMIRNATY OMICRON XBB.1.5,0.427473
PH10,10703021,2.9,DILATRANE,0.270100
PH10,9233801,4.7,CO-LOSAR FORT,0.351120
